Workbook

Sheet Dhaka_ageincidence
A1: Years | B1: Age | C1: Cases | D1: Population | E1: Cases per 100k
A2: [2001, 2008] | B2: [0, 1) | C2: 407 | D2: =24000000*0.025 -> 600000 | E2: =(C2/(D2*8))*100000 -> 8.4791667
A3: [2001, 2008] | B3: [1, 2) | C3: 153 | D3: =24000000*0.025 -> 600000 | E3: =(C3/(D3*8))*100000 -> 3.1875
A4: [2001, 2008] | B4: [2, 5) | C4: 30 | D4: =24000000*0.075 -> 1800000 | E4: =(C4/(D4*8))*100000 -> 0.20833333
A5: [2001, 2008] | B5: [5, 125) | C5: 43 | D5: =24000000*0.875 -> 21000000 | E5: =(C5/(D5*8))*100000 -> 0.025595238

Sheet Dhaka_yr_geno
A1: Year | B1: Genotype | C1: Count | D1: Proportion
A2: 2001 | B2: G1P8 | C2: 8 | D2: 0.17021277
A3: 2001 | B3: G2P4 | C3: 10 | D3: 0.21276596
A4: 2001 | B4: G9P8 | C4: 18 | D4: 0.38297872
A5: 2001 | B5: Other | C5: 11 | D5: 0.23404255
A6: 2002 | B6: G1P8 | C6: 27 | D6: 0.45
A7: 2002 | B7: G2P4 | C7: 9 | D7: 0.15
A8: 2002 | B8: G9P8 | C8: 15 | D8: 0.25
A9: 2002 | B9: Other | C9: 9 | D9: 0.15
A10: 2003 | B10: G1P8 | C10: 19 | D10: 0.42222222
A11: 2003 | B11: G2P4 | C11: 8 | D11: 0.17777778
A12: 2003 | B12: G9P8 | C12: 9 | D12: 0.2
A13: 2003 | B13: Other | C13: 9 | D13: 0.2
... A33: 2008 | B33: Other | C33: 9 | D33: 0.16071429

Sheet Dhaka_geno_mean
A1: Genotype | B1: ref_prop
A2: G1P8 | B2: =SUM(Dhaka_yr_geno!D2,Dhaka_yr_geno!D6,Dhaka_yr_geno!D10,Dhaka_yr_geno!D14,Dhaka_yr_geno!D18,Dhaka_yr_geno!D22,Dhaka_yr_geno!D26,Dhaka_yr_geno!D30)/8 -> 0.28575635
A3: G2P4 | B3: =SUM(Dhaka_yr_geno!D3,Dhaka_yr_geno!D7,Dhaka_yr_geno!D11,Dhaka_yr_geno!D15,Dhaka_yr_geno!D19,Dhaka_yr_geno!D23,Dhaka_yr_geno!D27,Dhaka_yr_geno!D31)/8 -> 0.23843753
A4: G9P8 | B4: =SUM(Dhaka_yr_geno!D4,Dhaka_yr_geno!D8,Dhaka_yr_geno!D12,Dhaka_yr_geno!D16,Dhaka_yr_geno!D20,Dhaka_yr_geno!D24,Dhaka_yr_geno!D28,Dhaka_yr_geno!D32)/8 -> 0.255125
A5: Other | B5: =SUM(Dhaka_yr_geno!D5,Dhaka_yr_geno!D9,Dhaka_yr_geno!D13,Dhaka_yr_geno!D17,Dhaka_yr_geno!D21,Dhaka_yr_geno!D25,Dhaka_yr_geno!D29,Dhaka_yr_geno!D33)/8 -> 0.22068112

Sheet Matlab_ageincidence
A1: Years | B1: Age | C1: Cases | D1: Population | E1: Cases per 100k
A2: [2001, 2008] | B2: [0, 1) | C2: 204 | D2: =240000*0.026 -> 6240 | E2: =(C2/(D2*8))*100000 -> 408.65385
A3: [2001, 2008] | B3: [1, 2) | C3: 150 | D3: =240000*0.026 -> 6240 | E3: =(C3/(D3*8))*100000 -> 300.48077
A4: [2001, 2008] | B4: [2, 5) | C4: 21 | D4: =240000*0.079 -> 18960 | E4: =(C4/(D4*8))*100000 -> 13.844937
A5: [2001, 2008] | B5: [5, 125) | C5: 16 | D5: =240000*0.869 -> 208560 | E5: =(C5/(D5*8))*100000 -> 0.95895666

Sheet Matlab_yr_geno
A1: Year | B1: Genotype | C1: Count | D1: Proportion
A2: 2001 | B2: G1P8 | C2: 6 | D2: 0.16216216
A3: 2001 | B3: G2P4 | C3: 7 | D3: 0.18918919
A4: 2001 | B4: G9P8 | C4: 16 | D4: 0.43243243
A5: 2001 | B5: Other | C5: 8 | D5: 0.21621622
A6: 2002 | B6: G1P8 | C6: 25 | D6: 0.49019608
A7: 2002 | B7: G2P4 | C7: 7 | D7: 0.1372549
A8: 2002 | B8: G9P8 | C8: 7 | D8: 0.1372549
A9: 2002 | B9: Other | C9: 12 | D9: 0.23529412
A10: 2003 | B10: G1P8 | C10: 15 | D10: 0.5
A11: 2003 | B11: G2P4 | C11: 3 | D11: 0.1
A12: 2003 | B12: G9P8 | C12: 9 | D12: 0.3
A13: 2003 | B13: Other | C13: 3 | D13: 0.1
... A33: 2008 | B33: Other | C33: 10 | D33: 0.23255814

Sheet Matlab_geno_mean
A1: Genotype | B1: ref_prop
A2: G1P8 | B2: =SUM(Matlab_yr_geno!D2,Matlab_yr_geno!D6,Matlab_yr_geno!D10,Matlab_yr_geno!D14,Matlab_yr_geno!D18,Matlab_yr_geno!D22,Matlab_yr_geno!D26,Matlab_yr_geno!D30)/8 -> 0.3372794
A3: G2P4 | B3: =SUM(Matlab_yr_geno!D3,Matlab_yr_geno!D7,Matlab_yr_geno!D11,Matlab_yr_geno!D15,Matlab_yr_geno!D19,Matlab_yr_geno!D23,Matlab_yr_geno!D27,Matlab_yr_geno!D31)/8 -> 0.2092949
A4: G9P8 | B4: =SUM(Matlab_yr_geno!D4,Matlab_yr_geno!D8,Matlab_yr_geno!D12,Matlab_yr_geno!D16,Matlab_yr_geno!D20,Matlab_yr_geno!D24,Matlab_yr_geno!D28,Matlab_yr_geno!D32)/8 -> 0.27851174
A5: Other | B5: =SUM(Matlab_yr_geno!D5,Matlab_yr_geno!D9,Matlab_yr_geno!D13,Matlab_yr_geno!D17,Matlab_yr_geno!D21,Matlab_yr_geno!D25,Matlab_yr_geno!D29,Matlab_yr_geno!D33)/8 -> 0.17491396

Sheet Matlab_incidence
A1: Years | B1: Age | C1: Cases | D1: Population | E1: Cases per 100k
A2: [2001, 2008] | B2: [0, 125) | C2: =SUM(Matlab_ageincidence!C2:C5) -> 391 | D2: =SUM(Matlab_ageincidence!D2:D5) -> 240000 | E2: =(C2/(D2*8))*100000 -> 20.364583

Sheet Matlab_agedistribution
A1: Years | B1: Age | C1: Cases | D1: Proportion
A2: [2001, 2008] | B2: [0, 1) | C2: 204 | D2: =C2/SUM(C2:C5) -> 0.52173913
A3: [2001, 2008] | B3: [1, 2) | C3: 150 | D3: =C3/SUM(C2:C5) -> 0.38363171
A4: [2001, 2008] | B4: [2, 5) | C4: 21 | D4: =C4/SUM(C2:C5) -> 0.05370844
A5: [2001, 2008] | B5: [5, 125) | C5: 16 | D5: =C5/SUM(C2:C5) -> 0.040920716

Sheet UK_incidence
A1: Years | B1: Age | C1: Cases | D1: Population_sum | E1: Cases per 100k
A2: [2008, 2013) | B2: [0, 125) | C2: 4227 | D2: 307986515 | E2: =(C2/D2)*100000 -> 1.3724627

Sheet UK_agedistribution
A1: Years | B1: Age | C1: Cases | D1: Proportion
A2: [2008, 2013) | B2: [0, 1) | C2: 427 | D2: =C2/SUM(C2:C5) -> 0.13769752
A3: [2008, 2013) | B3: [1, 2) | C3: 858 | D3: =C3/SUM(C2:C5) -> 0.27668494
A4: [2008, 2013) | B4: [2, 5) | C4: 1454 | D4: =C4/SUM(C2:C5) -> 0.46888101
A5: [2008, 2013) | B5: [5, 125) | C5: 362 | D5: =C5/SUM(C2:C5) -> 0.11673654

Sheet UK_geno_mean
A1: Genotype | B1: ref_prop | C1: n
A2: G1P8 | B2: =C2/SUM(C2:C5) -> 0.59900639 | C2: 2532
A3: G2P4 | B3: =C3/SUM(C2:C5) -> 0.063638514 | C3: 269
A4: G9P8 | B4: =C4/SUM(C2:C5) -> 0.084930211 | C4: 359
A5: Other | B5: =C5/SUM(C2:C5) -> 0.25242489 | C5: 1067
